{
  "execution_time": 2.074582815170288,
  "agent_times": {
    "architect": 0.002748727798461914,
    "mapper": 0.03432822227478027,
    "expansion": 0.28628969192504883,
    "quest": 0.00045990943908691406,
    "playtest": 0.9521286487579346,
    "balance": 0.12580060958862305,
    "qa": 0.0005252361297607422,
    "export": 0.5924351215362549
  },
  "agent_failures": [],
  "agent_success_rate": 100.0,
  "workflow_id": "8b398c8b",
  "timestamp": "2026-06-07T07:35:08.078046"
}