{
  "result_id": "eeccd40a-59f9-4c45-a2a1-0b15b9ddb88c",
  "final_scores": {
    "critic": 0.6649745423859815,
    "playtest": 0.3,
    "navigation": 0.66,
    "density": 0.5953702655828055,
    "reuse": 0.7
  },
  "convergence_data": [
    0.6649745423859815
  ],
  "total_duration_seconds": 4.054083824157715,
  "success": false,
  "total_iterations": 1
}