{
  "execution_time": 5.068166494369507,
  "agent_times": {
    "architect": 0.003240823745727539,
    "mapper": 0.04349970817565918,
    "expansion": 0.6935925483703613,
    "quest": 0.0011227130889892578,
    "playtest": 2.3944613933563232,
    "balance": 0.255234956741333,
    "qa": 0.0005636215209960938,
    "export": 1.3535356521606445
  },
  "agent_failures": [],
  "agent_success_rate": 100.0,
  "workflow_id": "86901065",
  "timestamp": "2026-06-08T14:12:39.326862+00:00"
}