{
  "result_id": "03425f68-4150-476e-a646-54a7d44d2780",
  "final_scores": {
    "critic": 0.6034989845311948,
    "playtest": 0.3,
    "navigation": 0.45,
    "density": 0.5995695677517712,
    "reuse": 0.7
  },
  "convergence_data": [
    0.6034989845311948
  ],
  "total_duration_seconds": 18.13368272781372,
  "success": false,
  "total_iterations": 1
}