{
  "execution_time": 2.049607992172241,
  "agent_times": {
    "architect": 0.003949880599975586,
    "mapper": 0.03379034996032715,
    "expansion": 0.3131866455078125,
    "quest": 0.0004668235778808594,
    "playtest": 0.9102292060852051,
    "balance": 0.11546707153320312,
    "qa": 0.0005006790161132812,
    "export": 0.6000051498413086
  },
  "agent_failures": [],
  "agent_success_rate": 100.0,
  "workflow_id": "1feab6f9",
  "timestamp": "2026-06-07T07:35:05.992596"
}