{
  "execution_time": 2.931519031524658,
  "agent_times": {
    "architect": 0.004491567611694336,
    "mapper": 0.042496442794799805,
    "expansion": 0.3898279666900635,
    "quest": 0.000568389892578125,
    "playtest": 1.2836172580718994,
    "balance": 0.14603734016418457,
    "qa": 0.0005095005035400391,
    "export": 0.9646728038787842
  },
  "agent_failures": [],
  "agent_success_rate": 100.0,
  "workflow_id": "a066e40e",
  "timestamp": "2026-06-08T14:12:50.091930+00:00"
}