{
  "result_id": "a214a70b-26f8-492e-8708-81c3024fa651",
  "final_scores": {
    "critic": 0.6034989845311948,
    "playtest": 0.3,
    "navigation": 0.45,
    "density": 0.5995695677517712,
    "reuse": 0.7
  },
  "convergence_data": [
    0.6034989845311948
  ],
  "total_duration_seconds": 18.07352042198181,
  "success": false,
  "total_iterations": 1
}