{
  "execution_time": 3.112135171890259,
  "agent_times": {
    "architect": 0.002682209014892578,
    "mapper": 0.04896187782287598,
    "expansion": 0.4154367446899414,
    "quest": 0.0005266666412353516,
    "playtest": 1.3549304008483887,
    "balance": 0.16214919090270996,
    "qa": 0.0005323886871337891,
    "export": 1.0162169933319092
  },
  "agent_failures": [],
  "agent_success_rate": 100.0,
  "workflow_id": "658aaca9",
  "timestamp": "2026-06-08T14:12:47.140996+00:00"
}