{
  "result_id": "e765a088-7e06-48cb-a56f-f8ab2befcdfb",
  "final_scores": {
    "critic": 0.6578228855800188,
    "playtest": 0.55,
    "navigation": 0.57,
    "density": 0.5927165275701465,
    "reuse": 0.6714285714285715
  },
  "convergence_data": [
    0.6591388443780534,
    0.6578228855800188
  ],
  "total_duration_seconds": 3.050183057785034,
  "success": false,
  "total_iterations": 2
}