{
  "execution_time": 4.143235445022583,
  "agent_times": {
    "architect": 0.6166749000549316,
    "mapper": 0.06052088737487793,
    "expansion": 0.2954676151275635,
    "quest": 0.08215022087097168,
    "playtest": 1.1686451435089111,
    "balance": 0.21716570854187012,
    "qa": 0.004640102386474609,
    "export": 1.4608516693115234
  },
  "agent_failures": [],
  "agent_success_rate": 100.0,
  "workflow_id": "300434eb",
  "timestamp": "2026-06-08T14:12:34.210738+00:00"
}