{
  "version": "1.0.0-RC1.1",
  "timestamp": "2026-06-09T03:54:18.862795+00:00",
  "phase": "Phase 7: Real Knowledge Validation",
  "total_queries": 1000,
  "successful": 1000,
  "exceptions": 0,
  "exception_rate": 0.0,
  "success_rate": 1.0,
  "response_time_s": {
    "mean": 0.00030673837661743166,
    "min": 6.866455078125e-05,
    "max": 0.00827789306640625,
    "total": 0.30673837661743164
  },
  "hits_distribution": {
    "1": 1000
  },
  "top_topics": [],
  "criterion_pass": true
}