{
  "execution_time": 2.149282693862915,
  "agent_times": {
    "architect": 0.013262033462524414,
    "mapper": 0.08012652397155762,
    "expansion": 0.3295023441314697,
    "quest": 0.000591278076171875,
    "playtest": 0.9349939823150635,
    "balance": 0.13006997108459473,
    "qa": 0.0006160736083984375,
    "export": 0.5757036209106445
  },
  "agent_failures": [],
  "agent_success_rate": 100.0,
  "workflow_id": "eeaf88d7",
  "timestamp": "2026-06-07T07:35:03.930136"
}