{
  "execution_time": 2.252495050430298,
  "agent_times": {
    "architect": 0.002944469451904297,
    "mapper": 0.04022383689880371,
    "expansion": 0.3758103847503662,
    "quest": 0.0027959346771240234,
    "playtest": 0.9829616546630859,
    "balance": 0.13473105430603027,
    "qa": 0.0005021095275878906,
    "export": 0.6211659908294678
  },
  "agent_failures": [],
  "agent_success_rate": 100.0,
  "workflow_id": "72a6cbe3",
  "timestamp": "2026-06-07T07:35:10.342601"
}