{
  "version": "1.0",
  "pattern_types": [
    "layout",
    "connectivity",
    "density",
    "architecture"
  ],
  "profiles": {
    "layout": {
      "pattern_id": "pattern_layout_12",
      "pattern_type": "layout",
      "room_arrangement": "organic",
      "symmetry_score": 0.6788194444444443,
      "axial_alignment": 0.13425925925925927,
      "avg_degree": 0.47222222222222215,
      "clustering_coefficient": 0.0,
      "path_length_avg": 0.47222222222222215,
      "bottleneck_count": 0,
      "tile_density": 0.003983710481437755,
      "feature_density": 0.0,
      "empty_space_ratio": 0.9960162895185621,
      "wall_ratio": 0.0,
      "complexity_score": 1.0,
      "repetition_score": 0.9845937395430561,
      "hierarchy_depth": 2,
      "modularity_score": 0.5583333333333332,
      "sample_count": 12,
      "pattern_vector": [
        0.0,
        0.13425925925925927,
        0.0,
        0.6788194444444443,
        0.13425925925925927,
        0.47222222222222215,
        0.0,
        0.47222222222222215,
        0.003983710481437755,
        0.0,
        0.9960162895185621,
        0.0,
        1.0,
        0.9845937395430561,
        2,
        0.5583333333333332
      ]
    },
    "connectivity": {
      "pattern_id": "pattern_connectivity_12",
      "pattern_type": "connectivity",
      "room_arrangement": "organic",
      "symmetry_score": 0.6788194444444443,
      "axial_alignment": 0.13425925925925927,
      "avg_degree": 0.47222222222222215,
      "clustering_coefficient": 0.0,
      "path_length_avg": 0.47222222222222215,
      "bottleneck_count": 0,
      "tile_density": 0.003983710481437755,
      "feature_density": 0.0,
      "empty_space_ratio": 0.9960162895185621,
      "wall_ratio": 0.0,
      "complexity_score": 1.0,
      "repetition_score": 0.9845937395430561,
      "hierarchy_depth": 2,
      "modularity_score": 0.5583333333333332,
      "sample_count": 12,
      "pattern_vector": [
        0.0,
        0.13425925925925927,
        0.0,
        0.6788194444444443,
        0.13425925925925927,
        0.47222222222222215,
        0.0,
        0.47222222222222215,
        0.003983710481437755,
        0.0,
        0.9960162895185621,
        0.0,
        1.0,
        0.9845937395430561,
        2,
        0.5583333333333332
      ]
    },
    "density": {
      "pattern_id": "pattern_density_12",
      "pattern_type": "density",
      "room_arrangement": "organic",
      "symmetry_score": 0.6788194444444443,
      "axial_alignment": 0.13425925925925927,
      "avg_degree": 0.47222222222222215,
      "clustering_coefficient": 0.0,
      "path_length_avg": 0.47222222222222215,
      "bottleneck_count": 0,
      "tile_density": 0.003983710481437755,
      "feature_density": 0.0,
      "empty_space_ratio": 0.9960162895185621,
      "wall_ratio": 0.0,
      "complexity_score": 1.0,
      "repetition_score": 0.9845937395430561,
      "hierarchy_depth": 2,
      "modularity_score": 0.5583333333333332,
      "sample_count": 12,
      "pattern_vector": [
        0.0,
        0.13425925925925927,
        0.0,
        0.6788194444444443,
        0.13425925925925927,
        0.47222222222222215,
        0.0,
        0.47222222222222215,
        0.003983710481437755,
        0.0,
        0.9960162895185621,
        0.0,
        1.0,
        0.9845937395430561,
        2,
        0.5583333333333332
      ]
    },
    "architecture": {
      "pattern_id": "pattern_architecture_12",
      "pattern_type": "architecture",
      "room_arrangement": "organic",
      "symmetry_score": 0.6788194444444443,
      "axial_alignment": 0.13425925925925927,
      "avg_degree": 0.47222222222222215,
      "clustering_coefficient": 0.0,
      "path_length_avg": 0.47222222222222215,
      "bottleneck_count": 0,
      "tile_density": 0.003983710481437755,
      "feature_density": 0.0,
      "empty_space_ratio": 0.9960162895185621,
      "wall_ratio": 0.0,
      "complexity_score": 1.0,
      "repetition_score": 0.9845937395430561,
      "hierarchy_depth": 2,
      "modularity_score": 0.5583333333333332,
      "sample_count": 12,
      "pattern_vector": [
        0.0,
        0.13425925925925927,
        0.0,
        0.6788194444444443,
        0.13425925925925927,
        0.47222222222222215,
        0.0,
        0.47222222222222215,
        0.003983710481437755,
        0.0,
        0.9960162895185621,
        0.0,
        1.0,
        0.9845937395430561,
        2,
        0.5583333333333332
      ]
    }
  }
}