{
  "execution_time": 4.648500680923462,
  "agent_times": {
    "architect": 0.0026595592498779297,
    "mapper": 0.05886268615722656,
    "expansion": 0.9671769142150879,
    "quest": 0.0012958049774169922,
    "playtest": 2.03940749168396,
    "balance": 0.21854543685913086,
    "qa": 0.0006461143493652344,
    "export": 1.2074756622314453
  },
  "agent_failures": [],
  "agent_success_rate": 100.0,
  "workflow_id": "6a40430d",
  "timestamp": "2026-06-08T14:12:44.004540+00:00"
}